#,Date,Location,Vehicles,Drunken persons,Fatalites,Persons,Pedestrians
1,"Feb 20, 2014 10:07 PM",I-75,1,1,2,3,-
2,"Mar 9, 2014 05:16 PM",I-275,1,1,1,4,-
3,"Jan 16, 2014 03:05 PM",Vine St,1,-,1,3,2
4,"Mar 24, 2014 02:38 AM",2031 Harrison Ave,1,1,1,1,-
5,"Apr 3, 2014 02:31 AM",Columbia Parkway,1,1,1,1,-
6,"Apr 12, 2014 12:35 AM",I-74,2,-,1,5,-
7,"Apr 24, 2014 03:45 PM",Reading Rd.,2,-,1,2,-
8,"Mar 10, 2014 03:35 PM","Ridge Ave, Brotherton Rd",1,-,1,1,1
9,"Mar 25, 2014 03:39 PM",Martin Luther King Dr,3,1,1,3,-
10,"May 30, 2014 11:07 AM",Werk Rd.,1,-,1,1,1
11,"May 31, 2014 09:42 PM",Us-127 Clay Wade Bailey Hwy,2,1,1,5,-
12,"Jun 29, 2014 02:22 AM","Reading Rd., Seymour Ave",2,1,1,2,-
13,"May 30, 2014 11:45 AM",Pete Rose Way E,1,-,1,1,1
14,"Jun 27, 2014 03:28 PM",Ridge Ave,2,-,1,2,-
15,"Sep 25, 2014 12:51 AM",Vine St,2,-,1,2,-
16,"Sep 26, 2014 03:22 PM",I-75,2,-,1,3,-
17,"Oct 24, 2014 08:00 AM","Warsaw Ave, Woodlawn Ave",1,-,1,1,1
18,"Oct 3, 2014 07:00 AM","W North Bend Rd, Argus Rd",1,-,1,2,1
19,"Nov 11, 2014 09:05 PM",I-75,1,1,1,1,-
20,"Dec 7, 2014 12:55 AM","Westwood Northern Blvd, Mchenry Ave",2,-,1,4,-
21,"Dec 22, 2014 11:53 PM",8th St.,2,-,1,1,1
22,"Feb 13, 2013 02:15 PM",Hopple St,2,1,1,2,-
23,"Feb 24, 2013 02:04 AM",I-71,1,1,1,4,1
24,"Jun 23, 2013 07:08 PM",I-71,1,1,1,1,-
25,"Feb 17, 2013 07:45 AM",W Fork Rd,1,-,1,1,-
26,"May 24, 2013 08:00 PM",Hamilton Ave,1,-,1,1,1
27,"May 31, 2013 05:54 PM",I-471,1,1,1,1,-
28,"Jun 20, 2013 03:52 PM",Mt Adams Dr,1,-,1,2,-
29,"Aug 17, 2013 11:37 PM",I-75,1,1,1,1,-
30,"Aug 19, 2013 10:05 AM","Colerain Ave, Goldenrod Dr",2,-,1,5,-
31,"Sep 7, 2013 00:45 AM",River Rd,1,1,1,1,-
32,"Sep 14, 2013 07:30 PM",Columbia Parkway,2,1,1,9,-
33,"Sep 29, 2013 05:11 AM",I-75,3,-,1,4,-
34,"Sep 30, 2013 11:54 PM",Kirby Ave,1,1,2,3,-
35,"Nov 10, 2013 07:00 PM",Covedale Ave,2,1,2,4,-
36,"Dec 10, 2013 05:58 PM",Central Parkway,2,-,1,2,1
37,"Dec 25, 2013 00:10 AM",Montgomery Rd,3,3,2,3,-
38,"Feb 4, 2012 00:12 AM",Westwood Northern Blvd,1,1,1,1,-
39,"Jan 6, 2012 09:27 PM",Roe St,2,-,1,1,-
40,"Mar 14, 2012 12:18 AM","Us-50 River Rd, Kibby Ln",2,-,1,3,-
41,"Mar 17, 2012 08:10 PM",Kellogg Ave,1,1,1,2,-
42,"Jan 19, 2012 06:30 AM",Clifton Ave,2,1,1,1,-
43,"Apr 13, 2012 11:04 PM",Kellogg Ave,1,-,1,1,-
44,"Mar 16, 2012 07:15 AM","Lafeuille Ave, Westbrook Dr",2,-,1,2,1
45,"May 13, 2012 04:55 PM",W North Bend Rd,3,-,1,11,-
46,"Mar 21, 2012 06:20 PM",Cr-717 Fairbanks Ave,1,-,1,1,1
47,"Jul 13, 2012 08:40 PM",Columbia Parkway,1,1,1,1,-
48,"May 3, 2012 09:32 PM",Us-27 Central Parkway,1,1,1,2,-
49,"May 29, 2012 02:35 PM",Sr-32 Beechmont Ave,3,-,1,3,-
50,"Jul 29, 2012 02:53 AM",Vine St,2,1,1,3,-
51,"Jun 11, 2012 07:23 AM",I-75,2,-,1,2,-
52,"Aug 28, 2012 06:10 AM",Wilmer Ave,1,-,1,1,1
53,"Sep 12, 2012 12:33 AM",Us-27 Colerain Ave,2,-,1,4,-
54,"Sep 11, 2012 08:29 PM","California Ave, Oakdale Ave",1,-,1,1,1
55,"Sep 23, 2012 03:15 AM",Us-42 Reading Rd,1,1,1,5,-
56,"Oct 12, 2012 02:00 AM",Madison Rd,1,-,1,1,-
57,"Oct 19, 2012 06:53 PM",Kirby Ave,2,-,2,3,-
58,"Oct 16, 2012 00:58 AM",South Side Ave,1,1,1,2,-
59,"Oct 22, 2012 07:00 PM",Cr-612 Madison Rd,2,1,1,2,-
60,"Sep 2, 2012 10:30 PM",Harrison Ave,1,-,1,1,1
61,"Oct 8, 2012 04:30 AM",Mchenry Ave,1,1,1,1,3
62,"Jan 9, 2011 10:00 PM",Victory Parkway,1,1,1,2,-
63,"Mar 16, 2011 00:50 AM","Sycamore St, Sr-3",3,1,2,6,-
64,"Apr 2, 2011 06:47 AM","Westwood Ave, Grand Ave",1,1,1,1,2
65,"Apr 22, 2011 05:00 PM","Beekman St, Sutter Ave",2,-,1,5,-
66,"May 29, 2011 10:35 AM",I-471,1,-,1,1,-
67,"Jun 10, 2011 03:15 PM",Este Ave,2,-,1,2,-
68,"Jun 30, 2011 02:43 PM",West Fork Rd,2,-,1,6,-
69,"Jul 10, 2011 02:52 AM",Este Ave,1,-,1,3,-
70,"Jul 1, 2011 02:35 AM",I-75,1,1,1,1,-
71,"Aug 17, 2011 05:25 AM",Us-27,2,-,1,3,-
72,"Aug 11, 2011 00:05 AM",I-75,2,1,1,3,-
73,"Aug 23, 2011 02:15 PM","W North Bend Rd, Banning Rd",2,-,1,2,-
74,"Sep 10, 2011 02:50 PM",Sr-264,3,-,1,3,-
75,"Sep 25, 2011 04:38 AM",I-75,1,1,1,2,-
76,"Dec 20, 2011 11:10 AM",I-71,3,-,1,4,-
77,"Dec 3, 2011 03:49 PM",Spring Lawn Ave,1,1,1,1,-
78,"Nov 19, 2011 10:54 PM",I-75,2,-,1,6,-
79,"Apr 24, 2010 09:10 PM",Harrison-Ave,1,-,1,1,-
80,"Jun 10, 2010 09:38 AM","Us-50, Kemper-Lane",3,-,1,3,-
81,"Jul 8, 2010 12:30 AM",Sr-126,1,-,1,1,-
82,"Aug 23, 2010 07:00 AM",Us-42,1,1,1,1,-
83,"Jul 17, 2010 02:27 AM",I-75,2,1,1,2,-
84,"Jul 29, 2010 05:53 AM",Hokel Lane,2,1,1,1,-
85,"Oct 16, 2010 11:02 PM",I-75,1,1,1,1,-
86,"Sep 3, 2010 02:25 PM",Sr-264,1,-,1,2,1
87,"Oct 2, 2010 09:15 PM","Madison Rd, Markbreit Ave",2,-,1,4,-
88,"Aug 11, 2010 09:32 AM",Auburn Ave,2,-,1,3,-
89,"Oct 11, 2010 01:00 PM",Winton Rd,2,-,1,2,1
90,"Dec 25, 2010 07:15 AM",Anthony-Wayne-Ave,2,1,1,5,-
91,"Nov 28, 2010 05:20 AM",Us-52,1,1,1,2,-
92,"Jan 21, 2009 04:18 PM",Martin-Luther-King,1,-,1,1,-
93,"Jan 10, 2009 06:26 AM",Gracely Dr,1,-,1,2,1
94,"Jan 30, 2009 10:30 AM",Westwood Northern,1,-,1,2,-
95,"Mar 11, 2009 01:23 AM",I-75,2,1,1,2,-
96,"Apr 4, 2009 01:26 PM",I-71,2,-,1,1,-
97,"Apr 12, 2009 08:42 PM",Queen City Ave,1,-,1,2,-
98,"Jun 3, 2009 01:50 AM",Duck Creek Rd,1,1,1,1,-
99,"Apr 16, 2009 04:29 PM",Hopple-St,2,-,1,2,-
100,"Jul 3, 2009 11:48 AM",Us-52,4,-,1,5,-
101,"Jul 20, 2009 05:49 PM",Western Hills Viaduc,2,-,1,3,-
102,"Jul 29, 2009 09:30 PM",I-74,1,1,1,2,-
103,"Jul 25, 2009 11:28 PM","Us-42, Joseph-St",2,-,1,2,-
104,"Aug 16, 2009 12:46 AM","Winton-Rd, Gray-Rd",2,-,1,4,-
105,"Sep 23, 2009 00:50 AM",Queen-City-Ave,1,1,1,1,-
106,"Sep 26, 2009 06:17 PM","Clarion Ave, Dana Ave",1,-,1,4,2
107,"Oct 8, 2009 01:55 PM",Clifton-Ave,1,-,1,1,-
108,"Dec 20, 2009 12:45 AM",Guerley Rd,2,-,1,4,-
109,"Nov 28, 2009 01:40 PM","Westwood-Ave, Grand-Ave",2,-,1,7,1
110,"Jan 5, 2008 07:00 PM","Fairbanks-Ave, Bassett-Ave",1,-,1,3,1
111,"Jan 7, 2008 12:58 AM",Us-50,2,-,1,4,-
112,"Jan 27, 2008 08:00 PM",I-75,1,1,1,1,-
113,"Feb 16, 2008 04:15 PM",Delta-Ave,1,-,1,1,-
114,"Feb 15, 2008 06:10 PM",Este Ave,1,1,1,1,-
115,"Feb 21, 2008 04:50 AM",Marburg Ave,1,-,1,2,1
116,"Jun 30, 2008 09:20 AM",I-74,1,1,1,1,-
117,"Jul 6, 2008 02:53 AM",Us-42,2,3,1,4,-
118,"Jul 9, 2008 11:45 AM",I-71,2,2,2,3,-
119,"Jul 18, 2008 02:54 AM",I-75,2,1,1,2,-
120,"Jun 28, 2008 05:15 PM",Shady Lane,2,-,1,1,-
121,"Jul 7, 2008 10:45 PM",Us-52,3,1,1,2,1
122,"Jul 13, 2008 03:12 PM",I-471,2,-,1,3,-
123,"Jul 16, 2008 02:47 PM","Us-42, Barry Lane",2,-,1,2,-
124,"Aug 6, 2008 06:25 AM",Vine St,1,1,1,2,1
125,"Aug 3, 2008 05:13 PM",Hopple-St,1,1,1,1,-
126,"Aug 22, 2008 01:04 AM",Us-42,1,1,1,2,1
127,"Aug 27, 2008 08:15 PM",I-71,2,-,1,5,-
128,"Aug 31, 2008 04:00 AM",Este Ave,1,1,1,1,-
129,"Oct 23, 2008 07:01 PM","Vine-St, E-Sixth-St",1,-,1,2,1
130,"Nov 3, 2008 02:13 AM",Victory Pkwy,1,1,1,1,-
131,"Nov 6, 2008 06:30 AM",I-71,2,-,2,3,-
132,"Dec 6, 2008 12:46 AM",Us-50,1,-,1,4,-
133,"Dec 23, 2008 03:45 PM",Martin Luther Dr,2,1,1,7,-
134,"Dec 4, 2008 06:48 AM","Madison-Rd, Anderson-Place",1,-,1,2,1
135,"Jan 28, 2007 10:32 AM","Cleves-Warsaw-Pike, Covedale-Ave",2,-,1,2,-
136,"Jan 26, 2007 01:15 AM",Duck Creek Rd,1,1,1,2,-
137,"Feb 5, 2007 08:45 PM",I-75,1,-,1,1,-
138,"Feb 8, 2007 12:36 AM",Spring Grove Ave,3,-,1,3,-
139,"Feb 20, 2007 10:50 PM",Us-42,2,2,1,3,-
140,"Mar 18, 2007 07:20 PM",Langdon Farm Rd,1,-,1,2,-
141,"Mar 12, 2007 11:48 PM",Oberlin Av,1,-,1,4,-
142,"Mar 16, 2007 10:00 AM","Winton-Rd, Gray-Rd",2,-,1,2,-
143,"Apr 27, 2007 08:00 AM","Us-50, Thorton Ave",2,-,1,3,-
144,"Apr 29, 2007 11:30 PM",E-Galbraith-Rd,1,1,1,1,-
145,"May 2, 2007 05:30 PM","E-Galbraith-Rd, Burns-Ave",2,-,1,8,-
146,"Jul 7, 2007 03:44 PM",W-Liberty-St,1,-,1,2,1
147,"Jul 4, 2007 11:00 PM",Vernon Pl,1,-,1,2,1
148,"Jul 5, 2007 09:09 AM",I-74,1,-,1,1,-
149,"Jul 21, 2007 05:49 PM","Harrison Ave, Biegler St",1,1,1,2,-
150,"Aug 19, 2007 06:26 AM",Us-50,1,-,1,1,-
151,"Aug 13, 2007 08:59 PM","E 4th St, Walnut St",1,-,1,2,1
152,"Sep 9, 2007 01:18 AM",I-75,2,1,1,3,-
153,"Sep 12, 2007 12:25 AM","9, Central",1,1,1,2,1
154,"Sep 19, 2007 11:22 PM","Beekman, Cummins",1,1,1,1,-
155,"Oct 3, 2007 08:31 PM","Us-22, Dauner-Ave",1,-,1,2,1
156,"Oct 27, 2007 00:35 AM",West-Fork-Rd,1,1,1,1,-
157,"Nov 9, 2007 02:56 AM",I-75,1,1,1,1,-
158,"Dec 15, 2007 07:54 PM",Us-42,1,-,1,1,-
159,"Oct 29, 2007 11:40 AM",I-74,1,-,1,1,-
160,"Dec 14, 2007 05:59 PM",Us-50,3,1,1,4,-
161,"Dec 22, 2007 03:14 AM",Pippin Rd,2,2,2,3,-
162,"Dec 8, 2007 12:22 AM",Dana Ave,1,-,1,1,-
163,"Dec 25, 2007 03:40 AM",Us-42,1,1,2,3,-
164,"Jan 3, 2006 11:58 AM","Us-50, Burns-Ave",2,-,1,3,-
165,"Feb 16, 2006 04:49 AM",Winchell-Ave,1,1,1,1,-
166,"Mar 4, 2006 03:30 AM",Sr-126,1,1,1,1,-
167,"Mar 5, 2006 02:35 AM","Westwood Ave, Grand Ave",2,3,1,3,-
168,"Mar 20, 2006 04:24 PM",Elberon-Ave,1,-,1,3,1
169,"Apr 28, 2006 07:45 PM",Us-129,1,1,1,1,-
170,"May 4, 2006 01:00 AM","Us-52, Watson St",1,-,2,2,-
171,"May 24, 2006 10:15 AM","Us-22, W 7th St",1,-,1,2,1
172,"Jul 1, 2006 02:55 PM","William Howard Taft, Cleinview Ave",2,1,1,5,-
173,"Jun 26, 2006 04:32 PM",Harrison Ave,1,-,1,2,1
174,"Jul 24, 2006 05:30 PM",Us-22,1,1,1,2,1
175,"Jul 19, 2006 04:35 PM",I-75,3,-,1,4,-
176,"Jul 23, 2006 06:20 PM",W 8th St,1,-,1,1,-
177,"Jul 27, 2006 00:12 AM",Fairbanks Ave,4,1,1,2,-
178,"Aug 18, 2006 01:49 AM",Vine St,1,1,1,1,-
179,"Aug 7, 2006 06:10 AM",Us-50,2,-,1,2,-
180,"Sep 3, 2006 05:17 AM",Us-50,1,-,1,2,1
181,"Sep 10, 2006 10:22 AM","Spring Grove Ave, Meeker St",1,-,1,1,-
182,"Sep 28, 2006 02:23 AM",8th St,1,1,1,1,-
183,"Jul 25, 2006 03:02 PM",Sr-264,1,1,1,2,-
184,"Oct 9, 2006 06:47 PM","Avalon St, Oakmont St",2,1,1,2,-
185,"Oct 17, 2006 02:35 AM","I-471, I-75",1,-,1,1,-
186,"Oct 16, 2006 08:47 PM",I-75,3,-,1,7,-
187,"Nov 7, 2006 01:25 PM",Sr-127,2,-,1,2,-
188,"Nov 4, 2006 01:50 AM",I-75,2,1,2,3,-
189,"Dec 14, 2006 01:25 AM","I-71, Reading Rd",2,2,1,4,-
190,"Dec 26, 2006 07:35 AM",Hamilton-Ave,1,-,1,1,-
191,"Dec 7, 2006 10:30 AM","Victory Parkway, Calvin Cliff Lane",2,-,1,6,-
192,"Dec 26, 2006 08:17 PM",Este Ave,1,1,1,2,-
193,"Jan 7, 2005 06:48 AM","I-75, Western Hils Viaduct",2,-,1,3,1
194,"Jan 2, 2005 11:34 PM",I-75,2,-,1,2,-
195,"Feb 13, 2005 02:25 AM",Spring-Grove-Ave,3,1,1,1,-
196,"Mar 7, 2005 02:17 AM",I-75,2,1,1,2,-
197,"Apr 19, 2005 08:10 AM",Markbreit-Ave,1,-,1,2,1
198,"Jan 31, 2005 01:37 AM","I-71, Fredonia Ave",1,1,1,1,-
199,"Feb 20, 2005 11:05 AM","I-75, Galbraith Rd",1,-,1,1,-
200,"Apr 21, 2005 01:35 AM",Anthony-Wayne-Ave,2,2,2,2,-
201,"Mar 22, 2005 10:22 PM","I-75, I-74",1,-,1,1,-
202,"May 2, 2005 03:08 PM",Plainville-Rd,1,-,1,2,1
203,"Mar 31, 2005 09:50 PM","Us-42, Victoria Parkway",2,1,1,3,-
204,"Apr 9, 2005 02:23 AM","I-75, 6th St",1,1,1,4,-
205,"May 27, 2005 07:45 AM",Mitchell-Ave,3,-,1,5,-
206,"May 1, 2005 10:10 PM","Este Ave, Kings Run Ct",1,1,1,2,-
207,"May 5, 2005 08:13 AM","Us-22, Robinson Rd",3,-,1,3,-
208,"Jun 10, 2005 09:30 AM","Reading Rd, Losantiville Ave",1,-,1,2,1
209,"Jun 20, 2005 05:46 PM","Westwood Northern, Sutter Ave",1,-,1,3,-
210,"Jun 24, 2005 09:30 AM","W Liberty, Winchell Ave",2,-,1,3,-
211,"Jul 8, 2005 09:07 PM","Glenway Ave, Wilder Ave",2,1,1,4,-
212,"Jul 10, 2005 02:28 AM","Bank St, Colerain Ave",1,1,1,2,1
213,"Jul 15, 2005 02:35 AM","I-75, Red Bank",2,1,1,2,-
214,"Aug 10, 2005 09:25 PM",Spring-Grove-Ave,1,1,1,1,-
215,"Aug 27, 2005 03:59 AM",Us-50,1,1,1,1,-
216,"Sep 7, 2005 11:00 PM",Duck-Creek-Rd,1,1,1,1,-
217,"Sep 10, 2005 03:58 PM",I-75,4,-,1,4,-
218,"Sep 15, 2005 03:43 PM","I-71, Us-42",1,-,1,2,1
219,"Nov 20, 2005 02:55 AM","Madison-Rd, Taylor-Ave",1,1,1,2,-
220,"Nov 23, 2005 03:59 PM","Montana Ave, Farrell Dr",2,-,1,2,-
221,"Nov 23, 2005 06:51 AM","Eastern Ave, Delta Ave",1,-,1,1,-
222,"Dec 8, 2005 12:08 AM","Montana Ave, Quante Rd",3,-,1,5,-
223,"Dec 24, 2005 02:28 AM",Us-22,4,1,1,5,-
224,"Dec 30, 2005 08:11 PM","Coverdale Ave, Ralph Ave",2,-,1,3,1
225,"Jan 3, 2004 05:49 PM","Us-52, Salem-Rd",2,-,1,3,-
226,"Jan 4, 2004 01:35 AM","Us-50, Sr-264",2,-,1,2,-
227,"Feb 29, 2004 03:53 AM",Covedale-Ave,1,1,1,1,-
228,"Mar 14, 2004 01:48 PM",Sr-562,1,1,1,1,-
229,"Feb 16, 2004 09:54 PM","Clifton Ave, Vine St",1,-,1,2,-
230,"Mar 9, 2004 05:31 PM",Race,1,-,1,2,1
231,"Apr 3, 2004 02:19 AM",Rapid-Run-Pike,1,1,1,2,-
232,"Apr 14, 2004 03:37 PM",Vine-St,1,-,2,2,-
233,"Apr 13, 2004 01:06 PM","Us-50, Burns-Ave",2,-,1,3,-
234,"Apr 11, 2004 01:03 AM","I-75, I-71",1,1,1,2,1
235,"May 10, 2004 03:50 PM","Nassau-St, Alpin-Place",1,-,1,2,1
236,"May 22, 2004 11:42 AM","Harrison-Ave, Adler-St",1,1,1,2,-
237,"Jun 15, 2004 10:05 PM","Langdon-Farm-Rd, Wiehe-Rd",1,-,1,2,-
238,"Jun 30, 2004 02:20 AM","I-75, Us-52",1,1,1,1,-
239,"Jul 16, 2004 05:08 PM",Daleview,2,-,1,2,-
240,"Jul 18, 2004 04:55 PM","Taylor-Rd, Powner-Rd",3,-,1,3,-
241,"Jul 19, 2004 05:09 PM","Sr-264, Midway Ave",1,-,1,2,1
242,"Aug 2, 2004 12:06 AM","Vine St, Fair Park Ave",1,1,2,4,-
243,"Aug 12, 2004 11:05 PM","Ebenzer, Louese",2,-,1,2,-
244,"Aug 28, 2004 10:10 AM","Paxton Ave, Wasson Rd",1,-,1,2,1
245,"Sep 10, 2004 12:10 AM","Banning, Eiler Lane",2,1,1,2,-
246,"Nov 7, 2004 03:15 PM","Us-27, High Forest Ln",2,-,2,4,-
247,"Nov 12, 2004 09:15 PM",Sr-561,1,-,1,1,-
248,"Nov 13, 2004 00:25 AM",Us-42,2,1,1,3,-
249,"Nov 18, 2004 12:21 AM","Highland Ave, Ridge Ave",4,-,1,5,-
250,"Oct 31, 2004 07:07 PM","E Martin Luther King, Jefferson Ave",1,-,3,5,-
251,"Dec 16, 2004 01:45 PM",Us-50,1,-,1,1,-
252,"Dec 19, 2004 09:00 PM","5-Mile-Rd, State-Rd",2,1,1,3,-
253,"Dec 18, 2004 06:49 AM",Madison-Rd,1,-,1,2,1
254,"Dec 27, 2004 05:50 PM","W 8th St, Harris Ave",1,-,1,3,1
255,"Dec 31, 2004 11:38 PM",Us-27,1,1,1,2,1
256,"Jan 6, 2003 11:10 AM",Columbia-Pkwy,5,-,2,7,-
257,"Jan 10, 2003 10:52 PM",West-Liberty-St,2,1,1,5,-
258,"Jan 24, 2003 00:01 AM",I-75,2,1,1,3,-
259,"Jan 30, 2003 08:25 PM",Norwood,2,-,1,2,-
260,"Feb 20, 2003 07:05 AM",I-275,2,-,1,2,-
261,"Mar 16, 2003 02:35 AM",I-71,1,1,1,1,-
262,"Mar 26, 2003 09:35 PM",William-Howard-Ta-Rd,2,1,1,3,-
263,"Mar 18, 2003 06:11 AM",I-71,1,-,1,1,-
264,"Mar 20, 2003 06:08 AM",Lafeuille Ave,1,-,1,1,-
265,"May 3, 2003 02:57 AM",Forest-Rd,1,1,1,1,-
266,"May 11, 2003 08:26 PM",Gracely Dr,1,-,1,1,-
267,"Feb 8, 2003 03:21 AM",I-75,1,1,1,3,1
268,"May 31, 2003 07:52 AM",I-74,2,1,3,4,-
269,"Jun 5, 2003 05:35 PM",Iliff Ave,1,-,1,1,-
270,"Jun 22, 2003 00:51 AM",Hanley-Rd,1,-,1,4,-
271,"Jul 5, 2003 06:04 PM",130,1,-,1,1,-
272,"Jun 22, 2003 11:42 PM",I-71,1,1,1,1,-
273,"Jul 26, 2003 01:28 AM",I-75,1,1,1,1,-
274,"Aug 4, 2003 09:41 AM",I-471,1,-,1,1,-
275,"May 21, 2003 08:22 AM",Bender-Rd,2,1,1,2,-
276,"Aug 15, 2003 12:35 AM",6th-St,2,-,1,2,-
277,"Aug 14, 2003 09:35 AM",Vine St,1,-,1,3,1
278,"Aug 22, 2003 07:29 AM",River Rd,3,-,1,3,-
279,"Sep 9, 2003 10:45 AM",Glenway Ave,2,-,1,2,-
280,"Jun 27, 2003 00:39 AM",Fairmount-Ave,1,-,1,4,-
281,"Aug 19, 2003 10:05 PM",Winchell-Ave,1,1,1,1,-
282,"Aug 16, 2003 07:25 AM",Reading Road,2,-,1,6,-
283,"Aug 25, 2003 11:55 AM",Norwood Lateral,1,-,1,1,-
284,"Oct 2, 2003 05:10 PM",Elm St,1,-,1,2,1
285,"Nov 6, 2003 12:37 AM",Us-27,2,-,1,5,-
286,"Nov 13, 2003 02:20 AM",Dana-Ave,3,3,1,8,-
287,"Nov 15, 2003 11:35 AM",Groesbeck Rd,2,-,1,2,-
288,"Nov 22, 2003 12:50 AM",Beechgrove Ln,1,-,2,3,2
289,"Dec 5, 2003 03:53 PM",Mehring Way,1,1,1,1,-
290,"Dec 18, 2003 06:53 PM",North-Bend-Rd,1,-,1,2,1
291,"Dec 26, 2003 00:40 AM",Martin-Luther-King,1,1,1,3,1
292,"Jan 12, 2002 02:15 AM",Crawford-Ave,1,1,1,1,-
293,"Jan 13, 2002 02:47 PM",Beechmont-Ave,1,-,1,2,-
294,"Jan 28, 2002 07:18 AM",I-75,2,1,1,2,-
295,"Jan 28, 2002 09:38 PM",Glenway-Ave,1,1,1,2,-
296,"Mar 1, 2002 06:00 PM",Central-Py,2,-,1,2,-
297,"Jan 7, 2002 02:40 PM",Old Ludlow Av,1,-,1,1,-
298,"Mar 1, 2002 09:40 AM",I-75,2,-,1,2,-
299,"Mar 6, 2002 08:38 AM",Red-Bank-Rd,1,-,1,3,-
300,"Apr 8, 2002 02:54 AM",I-75,1,1,1,1,-
301,"Apr 12, 2002 02:36 AM",I-75,1,1,1,2,-
302,"Apr 27, 2002 02:08 AM",Montana-Ave,1,1,1,4,-
303,"Apr 30, 2002 04:42 PM",Reading-Rd.,1,-,1,2,1
304,"May 4, 2002 10:45 PM",Erie-Ave,2,2,1,2,-
305,"May 5, 2002 12:40 AM",W-North-Bend-Rd,1,-,1,5,-
306,"May 31, 2002 06:55 PM",Wehrman-Ave,1,-,1,2,1
307,"Jun 15, 2002 10:48 AM",W Mcmillian St,1,-,1,1,-
308,"Jun 25, 2002 05:15 PM",Hamilton Ave,3,-,1,8,-
309,"Jul 7, 2002 05:05 PM",Queen City Ave,2,1,1,3,-
310,"Jul 27, 2002 04:31 PM",I-74,1,1,1,1,-
311,"Aug 17, 2002 03:15 AM",Reading-Rd,1,1,1,1,-
312,"Sep 7, 2002 08:30 AM",River Rd,2,1,1,5,-
313,"Sep 16, 2002 02:55 PM",Beechmont Avenue,1,-,2,2,-
314,"Sep 26, 2002 10:00 AM",Columbia Parkway,2,-,1,3,-
315,"Oct 29, 2002 06:10 PM",Reading Road,1,-,1,1,-
316,"Nov 6, 2002 09:25 PM",Mcmillan-St,2,-,1,4,-
317,"Nov 11, 2002 09:57 PM",Madison-Rd,1,-,1,3,1
318,"Nov 24, 2002 01:43 AM",Eastern Av,1,1,1,2,-
319,"Oct 3, 2002 11:07 AM",Reading-Road,2,-,1,2,-
320,"Nov 29, 2002 06:40 AM",Queen City Ave,1,-,1,1,-
321,"Dec 3, 2002 00:16 AM",I-71,1,-,1,1,-
322,"Dec 6, 2002 02:29 AM",Mcmillan St,2,2,1,3,-
323,"Dec 22, 2002 00:50 AM",Marshall-Ave,1,1,2,4,-
324,"Dec 20, 2002 04:15 PM",Corbly-St,2,1,1,2,-
325,"Dec 18, 2002 12:23 AM",Eastern Ave,2,-,1,3,-
326,"Dec 20, 2002 11:05 PM",Hawthorne Ave,1,1,1,1,-
327,"Dec 23, 2002 05:33 PM",Reading-Rd,1,-,1,1,-
328,"Dec 30, 2002 03:45 AM",Victory-Py,1,1,1,1,-
329,"Nov 23, 2002 10:05 PM",Western-Hills-Via,2,1,1,4,-
330,"Jun 9, 2001 01:54 PM",Hutchins Ave,1,-,1,1,-
331,"Apr 29, 2001 10:34 PM",Mcmillian St,2,-,1,3,-
332,"Jul 25, 2001 01:41 PM",Losantiville,1,-,1,3,1
333,"May 4, 2001 11:22 PM",Queen City Ave,3,1,1,5,-
334,"Jul 21, 2001 10:57 PM",Eastern Ave,1,1,1,1,-
335,"Aug 23, 2001 01:50 PM",4th Street,1,-,1,3,2
336,"Jul 22, 2001 02:20 AM",I-75,1,1,1,1,-
337,"Apr 18, 2001 10:55 PM",I-75,1,1,3,4,-
338,"Oct 24, 2001 01:44 PM",Madison-Rd,1,-,1,1,-
339,"Sep 22, 2001 02:30 AM",Eastern-Ave,1,1,1,2,-
340,"Aug 12, 2001 06:47 PM",Ludlow-Ave,2,1,1,6,-
341,"Aug 15, 2001 03:42 PM",Columbia-Pl,2,-,1,3,-
342,"Mar 6, 2001 05:20 PM",Wyoming-Ave,2,-,1,2,-
343,"Aug 11, 2001 06:02 PM",I-75,3,-,1,4,-
344,"Sep 30, 2001 04:35 PM",Western-Hills,2,1,1,4,-
345,"Sep 28, 2001 10:59 AM",Sr-264,2,-,1,2,-
346,"Oct 1, 2001 07:06 AM",Us-27,1,-,1,2,1
347,"Nov 2, 2001 05:35 PM",Central-Py,1,-,1,1,-
348,"Dec 15, 2001 11:09 AM",Argus-Rd,2,-,1,3,-
349,"Nov 18, 2001 11:42 AM",W-2nd-Street,1,1,1,8,6
350,"Dec 6, 2001 10:32 AM",W-Central-Parkway,2,-,1,5,-
351,"Dec 21, 2001 06:30 PM",Este-Ave,1,1,1,1,-
352,"Dec 24, 2001 02:47 AM",Columbia-Parkway,1,1,1,1,-
353,"Jan 5, 2000 09:05 PM",I-75,1,1,1,3,1
354,"Feb 19, 2000 05:10 PM",Highland Dr,1,1,1,2,-
355,"Feb 20, 2000 00:15 AM",Colerain Ave,1,1,1,2,-
356,"Jan 30, 2000 05:15 PM",Reading Rd,3,1,1,4,-
357,"Feb 13, 2000 12:52 AM",I-75,2,-,1,2,-
358,"Feb 18, 2000 04:40 PM",Winton Road,2,-,1,3,-
359,"Feb 19, 2000 02:21 AM",Banning Road,1,-,1,2,1
360,"Jun 21, 2000 12:47 AM",Millcreek Road,1,-,1,3,1
361,"Jun 19, 2000 08:28 PM",E 9th St,1,-,1,2,1
362,"Jul 1, 2000 06:33 PM",Reading Rd,1,1,1,2,1
363,"Jul 3, 2000 07:45 AM",Sr-562,2,-,1,2,-
364,"Apr 23, 2000 08:58 PM",Blair Ave,1,-,1,2,1
365,"Jun 22, 2000 01:58 PM",Waverly Ave,1,1,1,8,-
366,"Jun 11, 2000 05:12 AM",Central Pky,1,-,1,1,-
367,"Oct 7, 2000 03:16 PM",Colerain Ave,1,-,1,1,-
368,"Feb 25, 2000 11:58 AM",I-75,3,1,1,3,-
369,"Dec 5, 2000 02:57 AM",Vine St,1,1,1,1,-
370,"Dec 7, 2000 09:33 PM",Harrison Ave,1,-,1,2,1
371,"Oct 23, 2000 08:25 PM",Harrison Ave,1,-,1,1,-
372,"Oct 27, 2000 02:30 AM",Langdon Farm Rd,1,1,1,1,-
373,"Oct 29, 2000 02:35 PM",Harvey Ave,2,-,1,2,-
374,"Oct 31, 2000 11:23 AM",Mchenry Ave,1,-,1,2,-
375,"Nov 18, 2000 08:15 PM",I-75,3,-,1,4,1
376,"Nov 26, 2000 03:45 AM",Columbia Pkwy,2,1,1,3,-
377,"Feb 12, 1999 10:30 PM",I-74,4,1,1,6,-
378,"Feb 3, 1999 01:05 PM",Dana Ave,1,-,1,1,-
379,"Apr 17, 1999 03:35 AM",Elberon Ave,1,1,1,4,-
380,"Mar 27, 1999 02:44 AM",I-275,1,1,1,3,-
381,"May 13, 1999 04:55 PM",State Ave,2,-,1,9,-
382,"May 25, 1999 02:10 PM",Sr-562,1,-,1,1,-
383,"Jul 9, 1999 00:45 AM",I-71,2,-,1,6,-
384,"Jul 18, 1999 04:00 PM",Reading Road,1,-,1,1,-
385,"Jul 24, 1999 03:35 AM",I-75,1,-,1,3,1
386,"Jul 30, 1999 02:53 AM",Spring Grove Rd,1,-,1,1,-
387,"Jul 29, 1999 08:00 AM",I-74,2,-,1,4,-
388,"Jul 30, 1999 10:15 PM",Red Bank Road,2,-,1,3,-
389,"Sep 7, 1999 10:14 AM",Northwood Drive,1,-,1,2,1
390,"Sep 25, 1999 02:39 AM",Trenton Ave,1,1,1,1,-
391,"Sep 18, 1999 02:20 AM",Linn St,1,1,1,3,1
392,"Sep 25, 1999 09:22 AM",I-71,1,-,1,1,-
393,"Oct 4, 1999 04:35 PM",Ashland Ave,2,-,1,2,-
394,"Dec 15, 1999 02:42 PM",Colberain Av,1,-,1,2,1
395,"Dec 6, 1999 08:50 AM",W-6th St,1,-,1,1,-
396,"Dec 31, 1999 11:23 AM",River Road,1,-,1,2,-
397,"Jan 8, 1998 01:57 PM",Hutchins Place,1,-,1,2,1
398,"Mar 6, 1998 03:52 PM",River Road,1,-,1,2,1
399,"Apr 5, 1998 04:00 AM",Glenview Ave,1,1,1,1,-
400,"Apr 22, 1998 03:30 PM",Epworth Ave,1,-,2,2,-
401,"May 11, 1998 00:30 AM",I-75,1,-,1,3,-
402,"Jun 18, 1998 09:50 PM",W Mcmicken Ave,1,1,1,1,-
403,"Aug 30, 1998 03:12 AM",William-Howard-Tafro,1,1,1,1,-
404,"Mar 18, 1998 10:45 PM",I-75,1,1,1,1,-
405,"Aug 23, 1998 03:23 PM",Kennedy Ave,2,-,1,5,-
406,"Mar 14, 1998 00:01 AM",I-75,1,1,1,3,-
407,"Aug 31, 1998 02:00 PM",Central Parkway,1,-,1,2,1
408,"Oct 20, 1998 09:10 AM",Queen City Ave,1,-,1,2,-
409,"Sep 23, 1998 00:02 AM",Edwards Ro,2,-,1,2,-
410,"Nov 3, 1998 02:47 PM",Lincoln Ave,1,-,1,5,1
411,"May 30, 1998 09:55 AM",Kenwood Ro,1,-,1,2,1
412,"Nov 25, 1998 11:25 PM",E 4th St,1,1,1,2,1
413,"Dec 7, 1998 04:10 PM",Hamilton Ave,2,-,1,5,-
414,"Mar 10, 1998 10:45 AM",Boudinot Av,2,-,1,3,-
415,"Jan 5, 1997 01:40 AM",W Pete Ros,1,-,1,2,1
416,"Jan 14, 1997 08:00 AM",Este Ave,2,-,3,5,-
417,"Feb 3, 1997 09:05 PM",Winton Ro,2,1,1,3,-
418,"Jan 2, 1997 04:28 AM",W/Fork Ro,1,1,1,2,-
419,"Feb 2, 1997 11:50 PM",Red/Bank,2,-,1,2,-
420,"Feb 14, 1997 11:44 AM",Beekman St,1,-,1,2,-
421,"May 25, 1997 08:00 AM",Columbiapa,2,-,1,2,-
422,"Jun 28, 1997 11:00 PM",Mitchellav,1,1,1,1,-
423,"Jun 15, 1997 07:29 PM",Central,2,-,1,4,-
424,"May 10, 1997 05:43 PM",Beechmonav,2,-,1,2,-
425,"Jun 18, 1997 04:52 PM",I75,1,-,1,2,1
426,"May 22, 1997 04:00 PM",Gilbert Av,1,-,1,2,1
427,"Aug 27, 1997 01:09 AM",Butler St,1,1,2,2,-
428,"Nov 15, 1997 06:15 PM",Beechmont,2,-,1,2,-
429,"Nov 10, 1997 09:06 PM",Winneste,2,-,1,3,1
430,"May 5, 1997 08:37 AM",Brothertro,2,-,1,2,-
431,"Jul 11, 1997 11:42 PM",Auburn Av,1,-,1,4,1
432,"Jul 23, 1997 00:20 AM",Columbiapa,1,1,1,5,-
433,"Aug 5, 1997 09:40 AM",W/North Ro,4,-,1,4,-
434,"Jul 3, 1997 09:35 AM",Queen C Av,2,-,1,3,-
435,"Jul 22, 1997 03:09 PM",W 12th St,1,1,1,4,3
436,"Jul 26, 1997 02:54 AM",Beekman St,1,1,1,1,-
437,"Dec 9, 1997 09:27 PM",E Peterose,1,1,1,1,-
438,"Oct 30, 1997 07:20 AM",Queen Ciav,2,-,1,2,-
439,"Oct 19, 1997 11:34 PM",6th St,1,-,1,1,-
440,"Feb 3, 1996 06:35 PM",Colerainav,1,1,1,4,1
441,"Mar 29, 1996 05:08 PM",Mitchellav,1,-,1,2,1
442,"Feb 4, 1996 01:08 PM",William Ho,1,-,1,3,1
443,"Apr 7, 1996 11:06 PM",I75,1,1,1,1,-
444,"Apr 20, 1996 11:25 PM",I74,1,-,1,1,-
445,"Feb 12, 1996 09:27 AM",Camargo Ro,1,-,1,1,-
446,"Mar 15, 1996 11:38 AM",Eileen Dr,2,-,1,3,-
447,"May 21, 1996 02:30 AM",Central Pa,1,1,1,1,-
448,"May 18, 1996 10:20 AM",Victory Pa,1,-,1,1,-
449,"Jul 5, 1996 01:15 PM",Eastern Av,1,1,1,1,-
450,"Jul 15, 1996 02:22 AM",Reading Ro,1,-,1,1,-
451,"Sep 15, 1996 01:43 AM",I71,1,1,1,1,-
452,"Sep 6, 1996 01:58 AM",Queen City,1,1,1,2,-
453,"Aug 31, 1996 05:07 PM",Glenway Av,3,-,1,9,-
454,"Oct 2, 1996 10:55 AM",Lester Ro,1,-,1,1,-
455,"Oct 8, 1996 06:13 AM",Boudinot,1,-,1,2,1
456,"Oct 13, 1996 12:55 AM",Ambrose Av,1,-,1,1,-
457,"Nov 15, 1996 04:38 PM",Reading Ro,1,-,1,2,1
458,"Jul 29, 1996 02:40 PM",Eastern Av,2,-,1,2,-
459,"Apr 19, 1995 08:00 AM",Victory Pa,3,-,1,6,-
460,"May 2, 1995 07:00 PM",Westwood,1,-,1,5,2
461,"May 12, 1995 05:50 AM",Columbia,1,-,1,1,-
462,"Jun 8, 1995 04:25 AM",I 71,2,-,1,2,-
463,"Jun 1, 1995 10:03 AM",Este Ave,2,-,1,3,-
464,"Jan 19, 1995 05:00 AM",Hillsideav,1,-,2,4,-
465,"Feb 13, 1995 07:20 PM",I75,1,-,1,2,1
466,"Jun 10, 1995 00:35 AM",Delta Ave,1,-,1,1,-
467,"Jun 18, 1995 01:55 AM",Suspension,1,-,1,1,-
468,"Jun 22, 1995 09:25 PM",W Mcmicken,1,-,1,2,1
469,"May 27, 1995 06:45 PM",Thill St,1,-,1,4,-
470,"Jun 8, 1995 01:05 PM",I71,1,-,1,1,-
471,"Mar 31, 1995 04:30 PM",River Ro,2,-,1,6,-
472,"Apr 12, 1995 02:20 AM",I 75,1,1,1,2,-
473,"Mar 30, 1995 05:40 AM",River Road,2,-,1,2,-
474,"Jun 14, 1995 06:05 PM",W Court St,1,-,1,1,-
475,"Jun 30, 1995 05:10 PM",Wooster Ro,3,-,1,3,-
476,"Jul 14, 1995 10:45 PM",Rockdaleav,1,-,1,4,1
477,"Aug 11, 1995 02:01 PM",Delta Av,1,-,1,2,1
478,"Aug 22, 1995 01:25 PM",Queen City,1,-,1,1,-
479,"Sep 2, 1995 04:20 PM",Glenway Av,1,-,1,2,1
480,"Sep 8, 1995 11:30 AM",Auburn Av,3,-,1,11,-
481,"Sep 4, 1995 00:28 AM",Spring Gav,1,1,1,1,-
482,"Sep 24, 1995 02:35 AM",I71,1,1,1,2,-
483,"Nov 12, 1995 01:55 AM",Vine St,2,1,1,3,-
484,"Nov 20, 1995 01:05 AM",W H Taftro,2,-,1,4,-
485,"Nov 25, 1995 02:55 AM",Forest Av,1,1,1,1,-
486,"Dec 8, 1995 07:05 AM",Reading Ro,1,-,1,2,1
487,"Apr 21, 1994 06:42 AM",Eastern Av,2,1,1,2,-
488,"Jan 2, 1994 01:10 AM",Springgrov,1,-,1,1,-
489,"Jan 18, 1994 03:12 PM",Reading Rd,2,-,1,3,-
490,"Apr 26, 1994 09:10 AM",Ir75,2,-,1,3,1
491,"Feb 19, 1994 11:55 PM",Sutton Av,1,1,1,1,-
492,"Feb 20, 1994 11:55 PM",I 75,2,-,1,8,-
493,"May 2, 1994 04:30 PM",Ir471,2,-,1,2,-
494,"Mar 28, 1994 02:00 PM",I 41,1,-,1,1,-
495,"May 30, 1994 11:20 PM",Reading,1,-,1,2,1
496,"Jun 25, 1994 10:30 PM",Sutter Av,1,-,1,2,1
497,"Jun 2, 1994 05:30 PM",Ir75,1,1,1,2,-
498,"Jun 15, 1994 00:50 AM",Rosslyn Dr,1,1,1,3,-
499,"Aug 6, 1994 03:45 AM",Kelloggave,1,-,2,2,-
500,"Sep 5, 1994 04:28 AM",Ir 75,2,-,2,3,-
501,"Jun 11, 1994 07:30 PM",Gracelanav,2,1,1,2,-
502,"Jun 16, 1994 00:38 AM",Beekman St,1,1,1,1,-
503,"Jun 18, 1994 04:02 PM",Harrisonav,1,1,2,2,-
504,"Sep 29, 1994 11:20 PM",River Road,2,-,1,4,-
505,"Oct 17, 1994 01:00 PM",Beechmont,1,-,1,2,1
506,"Nov 5, 1994 05:55 PM",River Ro,2,-,1,6,-
507,"Aug 27, 1994 07:10 PM",Elberon Av,1,-,1,3,-
508,"Oct 16, 1994 01:12 AM",I 74,2,-,1,6,-
509,"Nov 15, 1994 06:20 PM",Colerainav,1,-,1,2,1
510,"Dec 21, 1994 06:15 PM",Hamiltonav,1,-,1,2,1
511,"Dec 27, 1994 02:00 AM",Fredoniaav,1,1,1,1,-
512,"Dec 28, 1994 07:05 AM",Kellogg Av,2,-,1,2,-
513,"Dec 31, 1994 06:45 AM",Queen Ciav,2,-,1,2,-
514,"Dec 27, 1994 02:10 PM",River Rd,2,-,1,5,-
515,"Jan 3, 1993 01:45 AM",I74,1,1,1,1,-
516,"Jan 18, 1993 01:05 AM",Wmhtaftrd,1,1,1,2,-
517,"Feb 8, 1993 07:02 PM",Glenwayav,1,-,1,2,1
518,"Apr 2, 1993 12:40 AM",Stantonave,2,-,1,4,-
519,"Mar 31, 1993 11:10 AM",Queencity,2,-,1,3,-
520,"Mar 14, 1993 10:39 AM",Erie St,3,-,1,4,-
521,"Apr 24, 1993 01:16 AM",Carll St,1,1,2,5,-
522,"May 16, 1993 10:40 AM",Walnut St,3,-,1,6,-
523,"May 28, 1993 05:31 PM",Wardell Av,2,-,1,3,-
524,"Jun 19, 1993 07:55 PM",I471,1,-,1,1,-
525,"Jul 13, 1993 01:35 AM",Centtral,1,1,1,2,-
526,"Jul 22, 1993 12:00 AM",Jefferson,2,-,1,3,-
527,"Aug 11, 1993 10:45 PM",Mehring,1,-,1,1,-
528,"Sep 9, 1993 09:25 PM",I75,1,-,1,2,1
529,"Aug 1, 1993 03:08 AM",Chaseav,4,1,1,7,-
530,"Oct 22, 1993 02:25 PM",I74,2,-,1,2,-
531,"Oct 25, 1993 09:09 PM",I75,2,-,1,3,1
532,"Oct 17, 1993 08:39 PM",Montanaave,1,-,1,4,1
533,"Nov 3, 1993 06:55 PM",Vinestreet,1,-,1,5,-
534,"Nov 28, 1993 09:43 AM",Montgomery,1,-,1,2,-
535,"Dec 8, 1993 09:28 AM",Glenwayave,1,-,1,3,2
536,"Dec 12, 1993 09:20 AM",Riverroad,1,-,1,1,-
537,"Dec 3, 1993 05:34 PM",Hamiltonav,1,-,1,2,1
538,"Dec 30, 1993 07:45 PM",Daltonst,1,-,1,2,1
539,"Jan 1, 1992 08:20 AM",Montgomery,1,-,1,3,-
540,"Feb 26, 1992 01:08 PM",Gracelydr,2,-,1,3,-
541,"Feb 25, 1992 11:30 PM",Rapidrun,1,-,1,1,-
542,"Feb 10, 1992 04:23 PM",Hamiltonav,2,-,1,4,-
543,"Apr 2, 1992 09:35 PM",Fergusonrd,1,-,1,2,-
544,"Feb 7, 1992 06:55 PM",Madisonrd,1,-,1,2,1
545,"Feb 8, 1992 03:35 AM",Cumminsst,1,-,1,3,-
546,"Mar 5, 1992 03:39 PM",Montanaave,4,1,1,6,-
547,"Mar 16, 1992 07:10 AM",Winnesteav,1,-,1,3,-
548,"Mar 19, 1992 11:13 PM",Riverroad,2,-,1,4,-
549,"Apr 12, 1992 00:40 AM",Centerhill,1,-,1,1,-
550,"May 7, 1992 11:25 PM",I75,1,-,1,2,1
551,"May 3, 1992 04:59 PM",Westwood,1,-,1,1,-
552,"Jun 1, 1992 04:57 PM",Grayrd,1,-,1,1,-
553,"Feb 18, 1992 07:24 PM",Ludlowav,1,-,1,2,1
554,"Jul 12, 1992 11:09 PM",Hamiltonav,1,-,1,2,1
555,"Jul 14, 1992 11:30 PM",Glenwayave,2,1,1,4,-
556,"Aug 15, 1992 02:00 AM",Riverroad,2,-,3,4,-
557,"Jun 28, 1992 02:09 PM",Colerainav,1,-,1,2,1
558,"Sep 8, 1992 06:05 AM",I71,1,-,1,1,-
559,"Sep 6, 1992 02:35 AM",Warsawav,1,-,1,4,3
560,"Jul 2, 1992 05:40 AM",I75,1,-,1,2,1
561,"Sep 2, 1992 10:30 AM",Beechmont,1,-,1,1,-
562,"Oct 9, 1992 00:30 AM",I75,1,-,1,2,1
563,"Oct 20, 1992 09:00 PM",Columbiapa,1,-,1,1,-
564,"Nov 19, 1992 11:35 PM",Kirbyrd,1,-,1,1,-
565,"Nov 21, 1992 03:05 AM",Riverroad,2,-,1,3,-
566,"Oct 29, 1992 01:25 AM",Queencity,1,1,1,2,-
567,"Dec 25, 1992 01:25 AM",Emcmillan,1,-,1,2,1
568,"Mar 13, 1991 11:23 PM",Readingrd,1,1,1,2,1
569,"Feb 23, 1991 11:25 AM",I75,1,-,1,1,-
570,"Apr 29, 1991 10:12 AM",Colerainav,2,-,1,2,-
571,"May 20, 1991 06:20 AM",Overlookav,1,-,1,1,-
572,"May 27, 1991 06:14 PM",I71,1,-,1,2,1
573,"Jul 9, 1991 07:00 PM",Emitchell,1,-,1,4,-
574,"May 24, 1991 09:05 AM",264,1,-,1,2,1
575,"Jul 12, 1991 05:30 PM",I71,2,-,1,6,-
576,"Jul 14, 1991 03:20 AM",I75,1,-,2,2,-
577,"Jun 3, 1991 10:08 AM",Lafayette,1,-,1,1,-
578,"Jul 19, 1991 03:03 PM",Vinestreet,2,-,1,5,-
579,"Jul 10, 1991 08:20 AM",Wintonrd,2,-,1,6,-
580,"Jul 28, 1991 10:45 PM",Ncrescent,1,-,1,2,-
581,"Jul 23, 1991 01:27 AM",Langdonfar,1,-,2,3,-
582,"Aug 1, 1991 03:06 PM",Langdonfar,1,-,2,2,-
583,"Aug 21, 1991 11:22 AM",I75,2,-,1,4,1
584,"Aug 21, 1991 10:45 AM",Beechmont,1,-,1,2,1
585,"Aug 31, 1991 10:20 PM",I75,1,-,1,5,1
586,"Sep 13, 1991 03:05 AM",I75,1,-,1,2,1
587,"Aug 29, 1991 08:33 PM",Sedamst,1,-,1,2,1
588,"Aug 30, 1991 04:35 PM",Walnutst,1,-,1,2,1
589,"Sep 21, 1991 04:40 AM",Grandave,1,-,1,1,-
590,"Sep 29, 1991 09:06 PM",Hamiltonav,1,-,1,2,1
591,"Jan 24, 1990 05:55 AM",I71,2,-,1,2,-
592,"Feb 8, 1990 02:05 PM",Cumminsstr,1,-,1,3,-
593,"Mar 3, 1990 02:15 AM",Easternave,1,1,1,2,-
594,"Feb 14, 1990 12:25 AM",Madisonrd,1,-,1,2,-
595,"Feb 9, 1990 10:10 PM",Harveyave,1,-,1,2,-
596,"Mar 29, 1990 07:54 AM",Wunderaven,2,-,1,4,-
597,"Apr 16, 1990 10:44 PM",Fortwashin,2,-,1,3,-
598,"Apr 20, 1990 06:40 AM",Madisonave,2,-,1,2,-
599,"Jul 6, 1990 08:25 AM",Wilbertyst,2,-,1,3,-
600,"May 14, 1990 06:00 PM",Westwoodno,3,-,1,5,-
601,"Aug 9, 1990 09:18 AM",Kelloggave,2,-,1,2,-
602,"Aug 11, 1990 06:06 PM",Riverroad,2,-,2,2,-
603,"Jul 18, 1990 00:50 AM",3240spring,1,1,1,2,-
604,"Jul 21, 1990 00:15 AM",Saffinav,1,-,1,1,-
605,"May 30, 1990 03:45 PM",Westwoodav,1,-,1,2,-
606,"Oct 14, 1990 10:44 AM",Dalyroad,2,-,1,2,-
607,"Dec 25, 1990 01:49 PM",I75,1,-,1,2,-
608,"Jun 8, 1990 02:55 AM",Hillside,1,-,1,2,-
609,"Aug 20, 1990 09:58 PM",Springgrov,2,1,1,9,-
610,"Oct 26, 1990 02:40 PM",Glenarmand,1,-,1,1,-
611,"Jan 14, 1989 09:20 AM",260fairbks,2,-,1,3,-
612,"Feb 14, 1989 08:00 AM",2701nbend,1,-,1,2,-
613,"Mar 4, 1989 08:37 AM",4046victor,1,1,1,1,-
614,"Apr 13, 1989 05:38 AM",7127river,2,1,1,2,-
615,"Apr 15, 1989 02:51 AM",I471,1,1,1,1,-
616,"Apr 15, 1989 07:58 PM",Easternave,1,-,1,2,-
617,"May 7, 1989 03:10 AM",Beechmont,2,-,1,3,-
618,"May 14, 1989 01:05 AM",5101kellog,1,1,3,5,-
619,"May 16, 1989 09:00 PM",5359hamilt,2,-,1,3,-
620,"May 19, 1989 05:23 AM",Kingsrunrd,1,-,1,1,-
621,"May 27, 1989 07:35 PM",Paddockrd,1,1,1,2,-
622,"May 30, 1989 10:13 PM",I75,1,-,1,2,-
623,"Jul 18, 1989 03:55 PM",I71,1,-,1,1,-
624,"Jul 25, 1989 09:54 PM",Warsaw,1,-,1,3,-
625,"Aug 16, 1989 05:29 AM",Westwood,1,-,1,2,-
626,"Nov 30, 1989 01:20 PM",Easternave,1,-,1,1,-
627,"Oct 2, 1989 07:15 AM",Kelloggave,2,-,1,3,-
628,"Oct 1, 1989 05:35 PM",Warsawaven,2,-,2,3,-
629,"Dec 29, 1989 02:45 AM",I75,2,-,1,2,-
630,"Dec 30, 1989 00:45 AM",Hamiltonav,2,1,1,3,-
631,"Oct 2, 1989 06:13 AM",Martinluth,1,-,1,2,-
632,"Oct 22, 1989 07:00 AM",Springgrov,1,-,1,1,-
633,"Dec 3, 1989 08:48 PM",Queencitya,2,1,2,4,-
634,"Sep 12, 1989 11:55 AM",Losantivil,1,-,1,1,-
635,"Oct 15, 1989 02:33 AM",Vinestreet,1,1,1,2,-
636,"Dec 20, 1989 02:15 AM",Williamhow,1,-,1,1,-
637,"Dec 22, 1989 07:50 PM",Springgrov,1,1,1,1,-
638,"Jul 13, 1989 02:35 AM",I75,1,-,1,1,-
639,"Feb 23, 1989 06:22 AM",Dalyroad,3,-,1,4,-
640,"Jan 7, 1988 04:25 PM",1717readin,1,-,1,2,-
641,"Jan 16, 1988 00:05 AM",1800easter,1,1,1,1,-
642,"Jan 17, 1988 07:15 PM",75nb,2,-,1,3,-
643,"Jan 20, 1988 08:39 PM",2130fulton,1,-,1,2,-
644,"Feb 11, 1988 07:30 PM",1699westwd,1,-,1,3,-
645,"Feb 15, 1988 08:30 PM",Sb75,1,1,1,3,-
646,"Mar 25, 1988 09:55 PM",Eb74,1,1,1,1,-
647,"Mar 24, 1988 09:00 PM",Grandave,2,-,1,2,-
648,"Mar 29, 1988 10:05 PM",Sb75,1,-,1,2,-
649,"Apr 5, 1988 01:52 PM",333oreadin,1,-,1,2,-
650,"Apr 9, 1988 09:30 PM",Madisonrd,3,-,1,5,-
651,"Apr 19, 1988 05:25 PM",546forest,1,-,1,2,-
652,"Apr 26, 1988 06:15 PM",1655easter,2,2,1,3,-
653,"May 6, 1988 02:20 PM",1845duck,2,-,1,2,-
654,"May 10, 1988 07:38 PM",320w7thst,2,-,1,4,-
655,"Apr 30, 1988 09:20 AM",2215bright,1,-,1,1,-
656,"May 11, 1988 05:50 PM",Calhounst,2,-,1,2,-
657,"May 13, 1988 02:55 PM",268fairban,3,-,1,4,-
658,"May 14, 1988 02:50 PM",2133centra,1,-,1,1,-
659,"May 28, 1988 03:25 PM",2225quebec,1,-,1,2,-
660,"Jul 12, 1988 12:05 AM",268wnbend,1,-,1,2,-
661,"Jul 10, 1988 05:25 PM",75sb,1,-,1,1,-
662,"Jul 25, 1988 02:09 PM",Wgalbraith,2,-,1,5,-
663,"Jul 25, 1988 06:10 AM",S75,2,-,1,2,-
664,"Jul 16, 1988 10:30 PM",2727clifto,1,-,1,3,-
665,"Aug 3, 1988 10:55 PM",Broadway,1,-,1,5,-
666,"Aug 15, 1988 10:05 PM",2495boudin,2,1,1,4,-
667,"Aug 21, 1988 11:40 PM",4000columb,2,-,1,2,-
668,"May 8, 1988 01:42 AM",7779anthon,1,1,1,1,-
669,"Sep 5, 1988 00:19 AM",4911winnes,2,-,1,3,-
670,"Oct 2, 1988 05:20 PM",1579montan,1,1,1,2,-
671,"Jul 24, 1988 05:40 PM",7821reedin,1,-,1,2,-
672,"Dec 3, 1988 03:15 PM",2206quebec,1,-,1,2,-
673,"Dec 23, 1988 02:55 AM",4446colera,1,-,1,1,-
674,"Dec 16, 1988 07:20 AM",Hamilton,1,-,1,2,-
675,"Feb 3, 1987 06:35 PM",Nbendroad,1,-,1,3,-
676,"Apr 4, 1987 03:00 PM",Centralpky,1,1,1,3,-
677,"May 2, 1987 07:50 AM",Colerain,2,-,1,3,-
678,"May 15, 1987 08:22 PM",570rosemon,1,-,1,2,-
679,"May 19, 1987 03:15 PM",Riverroad,2,-,1,2,-
680,"Jun 6, 1987 03:46 PM",561,1,-,1,2,-
681,"Jun 6, 1987 01:58 PM",Colerain,1,-,1,3,-
682,"Jun 9, 1987 11:30 AM",75nb,2,-,2,3,-
683,"Jun 14, 1987 01:35 AM",3449chevio,1,-,1,2,-
684,"Jun 24, 1987 00:56 AM",2750centra,1,1,1,1,-
685,"Jul 29, 1987 01:14 AM",4667colera,1,1,1,1,-
686,"Aug 14, 1987 10:30 PM",2629harris,1,-,1,4,-
687,"Aug 16, 1987 01:30 PM",2135readin,1,-,1,2,-
688,"Aug 17, 1987 11:37 AM",1602mainst,1,-,1,2,-
689,"Sep 1, 1987 10:09 AM",75nbramp,1,-,1,1,-
690,"Sep 15, 1987 01:40 AM",Nb71,1,1,1,2,-
691,"Aug 28, 1987 06:20 PM",7417readin,1,-,1,2,-
692,"Oct 1, 1987 10:45 PM",Columbia,1,1,1,1,-
693,"Aug 22, 1987 11:05 PM",0bservator,2,2,1,4,-
694,"Nov 22, 1987 00:55 AM",74,1,-,1,3,-
695,"Oct 6, 1987 12:55 AM",Colerain,2,-,1,3,-
696,"Oct 10, 1987 06:20 PM",Victorypk,2,1,1,2,-
697,"Oct 19, 1987 06:40 AM",Centerhill,2,-,1,2,-
698,"Nov 2, 1987 05:27 PM",Tennessee,1,-,1,4,-
699,"Nov 16, 1987 06:05 PM",75nb,2,-,1,3,-
700,"Nov 27, 1987 10:20 PM",Columbiapk,2,-,1,4,-
701,"Dec 8, 1987 02:48 AM",2022queen,2,1,1,2,-
702,"Dec 8, 1987 11:50 AM",5400hamilt,1,-,1,1,-
703,"Dec 11, 1987 03:25 AM",1800easter,1,1,1,2,-
704,"Dec 19, 1987 04:50 PM",3999beechm,2,-,1,5,-
705,"Jan 17, 1986 02:05 AM",74eb,1,1,1,1,-
706,"Jan 15, 1986 12:02 AM",2025madiso,1,-,1,2,-
707,"Jan 5, 1986 11:35 PM",1674chase,1,1,1,1,-
708,"Mar 20, 1986 12:07 AM",75nb,2,-,1,2,-
709,"Feb 16, 1986 03:15 AM",75south,1,-,1,2,-
710,"Feb 16, 1986 10:40 PM",4538kirby,2,1,1,3,-
711,"Feb 17, 1986 05:35 PM",777dutchco,2,1,1,4,-
712,"Feb 20, 1986 11:45 PM",Baltimore,1,1,1,4,-
713,"Feb 23, 1986 11:55 PM",6060center,1,1,1,1,-
714,"Apr 1, 1986 08:30 PM",640w6thst,1,1,1,1,-
715,"Apr 2, 1986 10:10 PM",939stateav,1,1,1,2,-
716,"Jun 14, 1986 02:45 AM",Victorypky,1,1,1,1,-
717,"Jun 20, 1986 04:55 PM",Easternave,1,-,1,2,-
718,"Jul 1, 1986 06:10 AM",Sb71ramp,1,-,1,1,-
719,"Jul 1, 1986 05:27 PM",18boltwood,1,-,1,2,-
720,"Jun 27, 1986 06:40 AM",Sb71,2,-,1,3,-
721,"Jul 22, 1986 07:20 PM",Mchenryave,1,-,1,2,-
722,"Aug 2, 1986 05:00 AM",3577heekin,1,-,1,1,-
723,"Sep 24, 1986 06:40 AM",2901queen,1,-,1,2,-
724,"Sep 27, 1986 03:10 AM",75sb,1,1,1,2,-
725,"Sep 28, 1986 01:00 AM",Colerain,1,-,1,1,-
726,"Sep 10, 1986 07:30 PM",N75,1,-,1,1,-
727,"Aug 24, 1986 02:49 AM",6301ridge,1,1,1,2,-
728,"Sep 16, 1986 08:06 AM",9150spring,1,-,1,4,-
729,"Sep 27, 1986 05:28 PM",3591linwoo,2,-,2,5,-
730,"Oct 3, 1986 09:30 AM",Montanaave,2,-,1,2,-
731,"Oct 5, 1986 12:45 AM",5400glenwa,1,-,1,1,-
732,"Oct 27, 1986 08:13 AM",2387montan,1,-,1,1,-
733,"Nov 15, 1986 05:00 PM",2275kiplin,1,-,1,1,-
734,"Nov 1, 1986 01:47 AM",Nb75,1,1,1,2,-
735,"Nov 5, 1986 07:11 PM",Nb75,1,1,3,7,-
736,"Nov 1, 1986 04:25 PM",East6thst,1,-,1,2,-
737,"Feb 14, 1985 10:40 PM",Springgrov,2,1,1,4,-
738,"Feb 15, 1985 10:20 PM",Reading Rd,1,1,1,2,-
739,"Feb 16, 1985 09:35 PM",River Road,2,-,1,7,-
740,"Feb 9, 1985 12:20 AM",Terrace,3,-,1,5,-
741,"Mar 24, 1985 01:45 AM",745 Delta,1,1,1,2,-
742,"Mar 28, 1985 11:38 PM",6612bantry,1,-,1,1,-
743,"Apr 20, 1985 02:00 AM",Glenway,1,-,1,2,-
744,"Mar 22, 1985 03:40 PM",3694 Vine,1,-,1,2,-
745,"Apr 23, 1985 01:14 PM",Red Bank,3,-,1,3,-
746,"Apr 18, 1985 00:30 AM",8312 Burns,1,1,1,1,-
747,"Apr 27, 1985 11:04 PM",75 South,2,1,1,2,-
748,"May 25, 1985 03:41 PM",York St,1,-,1,2,-
749,"Jun 1, 1985 11:22 PM",74 Wb,1,-,1,1,-
750,"Jul 5, 1985 00:05 AM",Southside,1,1,1,3,-
751,"Jul 6, 1985 00:35 AM",Langdonfar,2,1,1,3,-
752,"May 25, 1985 00:30 AM",Kelloggave,1,1,2,5,-
753,"Aug 17, 1985 06:00 PM",Lafayette,1,-,1,2,-
754,"Aug 21, 1985 02:25 AM",5845kellog,1,1,1,3,-
755,"Aug 22, 1985 02:17 AM",430kingsru,1,-,1,1,-
756,"Oct 5, 1985 01:05 AM",260 Wilmer,2,2,2,4,-
757,"Oct 7, 1985 06:15 AM",Westwood N,1,1,1,1,-
758,"Oct 11, 1985 10:40 PM",Guerley Rd,2,1,1,3,-
759,"Oct 30, 1985 02:10 AM",4851river,1,-,1,2,-
760,"Nov 5, 1985 11:02 AM",Erieavenue,2,-,1,2,-
761,"Oct 18, 1985 11:00 PM",1100ludlow,4,1,1,17,-
762,"Dec 24, 1985 12:30 AM",3691erie,2,-,1,3,-
763,"Dec 24, 1985 02:40 AM",4820river,1,1,1,1,-
764,"Dec 31, 1985 11:45 PM",2499elberd,1,1,1,6,-
765,"Dec 1, 1985 03:25 AM",71s,2,1,3,5,-
766,"Sep 29, 1985 09:27 AM",3100burnet,2,-,1,11,-
767,"Jun 1, 1985 09:30 PM",6467dalyrd,1,-,1,2,-
768,"Oct 11, 1985 04:40 PM",148forest,1,-,1,1,-
769,"Nov 1, 1985 07:36 AM",Fergusonrd,1,-,1,2,-
770,"Jan 6, 1984 02:20 PM",W Court,1,-,1,2,-
771,"Jan 10, 1984 10:20 AM",75s,3,-,1,4,-
772,"Feb 17, 1984 04:58 PM",Beechmont,3,1,1,3,-
773,"Feb 23, 1984 11:45 AM",Edwards Rd,1,-,1,2,-
774,"Mar 2, 1984 06:50 PM",Elberon,1,1,1,2,-
775,"Feb 4, 1984 04:20 AM",Westwood,1,-,1,2,-
776,"May 7, 1984 06:36 PM",River,1,-,1,1,-
777,"May 12, 1984 03:17 AM",75s,2,1,1,1,-
778,"May 20, 1984 04:45 AM",Duck Creek,1,-,1,1,-
779,"Jun 17, 1984 05:10 PM",W Fork,1,-,1,2,-
780,"Jun 27, 1984 07:03 AM",Langdonfar,1,-,1,1,-
781,"Jun 29, 1984 03:40 AM",Ridge,1,1,1,1,-
782,"Jul 14, 1984 06:20 PM",4,2,-,1,2,-
783,"Jul 13, 1984 12:13 AM",75,5,-,1,7,-
784,"Aug 23, 1984 12:15 AM",Clintonspr,1,-,1,2,-
785,"Aug 26, 1984 02:25 AM",Queen City,1,1,1,3,-
786,"Sep 13, 1984 08:18 PM",Kessler,1,-,1,2,-
787,"Aug 20, 1984 07:30 PM",Hutchins,1,-,1,2,-
788,"Oct 9, 1984 06:30 PM",Madison,1,-,1,2,-
789,"Oct 21, 1984 06:30 AM",42,1,-,1,2,-
790,"Oct 20, 1984 04:40 PM",Indianhill,2,-,1,5,-
791,"Dec 6, 1984 02:10 PM",I 75 Sb,5,-,1,5,-
792,"Dec 7, 1984 03:38 PM",Reading Rd,1,-,1,2,-
793,"Nov 17, 1984 02:05 AM",Fairbanks,1,1,1,2,-
794,"Dec 20, 1984 02:15 AM",President,1,1,1,2,-
795,"Dec 23, 1984 09:47 PM",I 75 Sb,3,-,1,5,-
796,"Dec 24, 1984 06:05 PM",50,1,1,1,2,-
797,"Jan 3, 1983 10:10 PM",Epworth,1,1,1,1,-
798,"Jan 22, 1983 07:55 PM",75s,1,-,1,2,-
799,"Feb 10, 1983 06:15 PM",Duckcreek,1,-,1,2,-
800,"Jan 22, 1983 01:50 PM",Eastern,2,-,1,3,-
801,"Feb 23, 1983 07:50 AM",Lehman,1,-,1,5,-
802,"Mar 1, 1983 01:52 PM",Race,1,-,1,2,-
803,"Mar 8, 1983 05:28 PM",Reading,1,-,1,2,-
804,"Mar 12, 1983 11:30 AM",71n,1,-,1,3,-
805,"Mar 20, 1983 02:45 AM",Kellogg,1,-,1,2,-
806,"Mar 27, 1983 02:14 AM",Reading,1,1,1,2,-
807,"Apr 2, 1983 08:56 AM",Reading,2,1,1,4,-
808,"May 1, 1983 09:45 PM",75s,1,-,1,2,-
809,"Mar 15, 1983 07:50 PM",Columbia,1,-,1,2,-
810,"May 1, 1983 11:10 AM",Queencity,1,-,1,3,-
811,"Jun 17, 1983 05:45 PM",Queencity,2,-,1,2,-
812,"Jul 21, 1983 11:40 PM",Reading,2,-,1,4,-
813,"Jul 24, 1983 09:58 PM",Seton,1,-,1,2,-
814,"Sep 15, 1983 04:45 PM",Seymour,1,1,1,2,-
815,"Sep 16, 1983 07:00 AM",Columbia,2,1,1,11,-
816,"Sep 20, 1983 10:50 PM",75n,1,-,1,2,-
817,"Oct 19, 1983 08:25 PM",Redbank,3,-,1,5,-
818,"Oct 31, 1983 12:05 AM",Harvey,3,-,1,4,-
819,"Dec 2, 1983 05:50 PM",Wmitchell,2,-,1,4,-
820,"Dec 6, 1983 08:30 PM",Northbend,1,-,1,1,-
821,"Dec 13, 1983 06:30 PM",Melish,1,-,1,2,-
822,"Dec 16, 1983 07:38 AM",W8th,1,-,1,2,-
823,"Dec 20, 1983 05:45 PM",Nbend,3,-,1,4,-
824,"Dec 22, 1983 07:00 PM",River,1,-,1,2,-
825,"Aug 9, 1983 06:47 AM",Highland,1,1,1,2,-
826,"Jan 10, 1982 04:30 PM",71w,1,1,1,1,-
827,"Jan 22, 1982 01:10 AM",Queencity,1,-,1,1,-
828,"Jan 6, 1982 01:15 AM",Springgrov,1,-,1,4,-
829,"Jan 31, 1982 08:46 PM",Langdonfar,2,-,1,5,-
830,"Feb 3, 1982 05:20 PM",Vine,1,-,1,1,-
831,"Feb 9, 1982 04:09 PM",Beechmont,1,-,1,2,-
832,"Feb 23, 1982 04:45 PM",Euniversit,1,-,1,2,-
833,"Mar 3, 1982 00:03 AM",Kellogg,1,1,1,2,-
834,"Mar 29, 1982 10:14 PM",75s,1,1,1,2,-
835,"Apr 14, 1982 10:50 PM",Warsaw,2,1,1,3,-
836,"Apr 24, 1982 00:32 AM",Ridge,1,1,1,3,-
837,"Feb 11, 1982 07:29 PM",Nixon,1,-,1,1,-
838,"May 27, 1982 10:15 PM",Colerain,1,-,1,3,-
839,"May 27, 1982 00:15 AM",Kellogg,1,-,1,3,-
840,"May 31, 1982 02:15 AM",Columbia,1,-,1,1,-
841,"Jun 16, 1982 12:55 AM",Reading,1,-,1,2,-
842,"Jun 16, 1982 07:20 AM",Kellogg,3,1,1,4,-
843,"Jun 14, 1982 04:24 PM",75n,1,-,1,3,-
844,"Jun 21, 1982 07:15 PM",Westwoodno,1,1,1,1,-
845,"Jun 19, 1982 06:45 PM",Ridge S,1,-,1,2,-
846,"Jul 17, 1982 02:05 AM",Kipling,2,1,1,2,-
847,"Jul 19, 1982 08:37 AM",Elberon,2,-,1,7,-
848,"Jul 20, 1982 08:00 AM",Kellogg,1,-,1,1,-
849,"Jul 16, 1982 02:50 AM",Martin,1,-,1,1,-
850,"Sep 2, 1982 02:08 AM",75s,2,2,2,2,-
851,"Sep 8, 1982 11:35 PM",River,1,1,1,3,-
852,"Sep 12, 1982 05:40 PM",Hamilton,3,-,1,5,-
853,"Sep 3, 1982 10:00 PM",12,1,-,1,2,-
854,"Sep 15, 1982 00:15 AM",Vine,2,-,1,3,-
855,"Oct 2, 1982 03:30 AM",River,2,1,2,2,-
856,"Oct 3, 1982 02:05 AM",75n,1,-,1,3,-
857,"Oct 4, 1982 03:23 AM",74e,1,1,1,2,-
858,"Oct 16, 1982 05:00 PM",State,1,1,1,1,-
859,"Nov 5, 1982 06:40 PM",Glenway,1,1,1,2,-
860,"Nov 6, 1982 09:09 PM",Glenway,2,-,1,3,-
861,"Oct 31, 1982 03:20 AM",Baltimore,1,-,1,2,-
862,"Dec 10, 1982 05:45 PM",Victory,1,-,1,2,-
